title,en,,Nurse,Nurse
title,en,,Midwife,Nurse
title,en,,Clinical Specialist,Nurse
title,en,,Clinical Nurse,Nurse
title,en,,Advanced Practitioner,Nurse
title,en,,Retired Nurse,Nurse
title,en,,Head of Clinical Services,Nurse
title,en,,Consultant Nurse,Nurse
title,en,,Director of Nursing,Nurse
title,en,,Specialist Practitioner,Nurse
title,en,Healthcare,Public Health,Nurse
title,en,,Children's Nurse,Nurse
title,en,,Practice Educator,Nurse
title,en,,Public Health Nurse,Nurse
title,en,,Neonatal Nurse,Nurse
title,en,,Critical Care Nurse,Nurse
title,en,Healthcare,Health Advisor,Nurse
title,en,,nurse/midwife,Nurse
title,en,,Clinical Research Nurse,Nurse
title,en,,Bank Nurse,Nurse
title,en,,Registered Dietitian,Nurse
title,en,,Paediatric Dietitian,Nurse
title,en,,Scrub Nurse,Nurse
title,en,,Tissue Viability Nurse,Nurse
title,en,,Hospital Director,Nurse
title,en,,Family Nurse,Nurse
title,en,,Specialist Community Public Health Nurse,Nurse
title,en,,Community Dietitian,Nurse
title,en,,Anaesthetic Nurse,Nurse
title,en,,Practice Development Nurse,Nurse
title,en,,Specialist Midwife,Nurse
title,en,Healthcare,domestic,Nurse
title,en,,SN,Nurse
title,en,,Deputy Director of Nursing,Nurse
title,en,Healthcare,Theatre Manager,Nurse
title,en,,Student Health Visitor,Nurse
title,en,,Anaesthetic Practitioner,Nurse
title,en,Healthcare,Specialist Advisor,Nurse
title,en,,ANNP,Nurse
title,en,,Doctor,Doctor
title,en,,Radiographer,Doctor
title,en,,Medical Practice Professional,Doctor
title,en,,Independent Medical Practice Professional,Doctor
title,en,,Retired GP,Doctor
title,en,,Retired Doctor,Doctor
title,en,,Clinical Technologist,Doctor
title,en,,Consultant Pathologist,Doctor
title,en,,Consultant Respiratory Physician,Doctor
title,en,,Consultant Nephrologist,Doctor
title,en,Healthcare,Clinical Lecturer,Doctor
title,en,Healthcare,Housing Officer,Doctor
title,en,,Cardiologist,Doctor
title,en,,Consultant Medical Oncologist,Doctor
title,en,,Anaesthetic Registrar,Doctor
title,en,,Foundation Year 2 Doctor,Doctor
title,en,,FY1,Doctor
title,en,,Healthcare Assistant,Healthcare Assistant
title,en,,Health Assistant,Healthcare Assistant
title,en,,Medical Student,Healthcare Assistant
title,en,Healthcare,Optician,Healthcare Assistant
title,en,,Clinical Administrator,Healthcare Assistant
title,en,,Healthcare worker,Healthcare Assistant
title,en,,Therapy Assistant,Healthcare Assistant
title,en,,Nursing Auxiliary,Healthcare Assistant
title,en,,Live in carer,Healthcare Assistant
title,en,,Personal Care Assistant,Healthcare Assistant
title,en,,H C A,Healthcare Assistant
title,en,,Theatre Assistant,Healthcare Assistant
title,en,Healthcare,Housekeeper,Healthcare Assistant
title,en,,care assisstant,Healthcare Assistant
title,en,,Rehabilitation Assistant,Healthcare Assistant
title,en,,Locum Optometrist,Healthcare Assistant
title,en,,care assitant,Healthcare Assistant
title,en,,Assistant Technical Officer,Healthcare Assistant
title,en,Healthcare,Porter,Healthcare Assistant
title,en,Healthcare,Catering Assistant,Healthcare Assistant
title,en,,Maternity Support Worker,Healthcare Assistant
title,en,,Qualified Dental Nurse,Healthcare Assistant
title,en,Healthcare,support work,Healthcare Assistant
title,en,Healthcare,Optical Assistant,Healthcare Assistant
title,en,,Dentist,Dentist
title,en,,Principal Dentist,Dentist
title,en,,Dental Therapist,Dentist
title,en,,Dental Assistant,Dentist
title,en,,Dental Officer,Dentist
title,en,,Orthodontist,Dentist
title,en,,Dental Hygienist/Therapist,Dentist
title,en,,General Dentist,Dentist
title,en,,Dental,Dentist
title,en,,General Dental Practitioner,Dentist
title,en,,Specialist Orthodontist,Dentist
title,en,,Consultant Orthodontist,Dentist
title,en,,health care,health care
title,en,,home care,health care
title,en,,Dental Practice Manager,health care
title,en,Healthcare,Activities Coordinator,health care
title,en,Healthcare,career,health care
title,en,,Care Manager,Care Manager
title,en,Healthcare,Health Service Manager,Care Manager
title,en,Healthcare,care,Care Manager
title,en,,Hospital Porter,Care Manager
title,en,,Compliance Inspector,Care Manager
title,en,Healthcare,Performance Manager,Care Manager
title,en,,ECA,Care Manager
title,en,Healthcare,Service Improvement Manager,Care Manager
title,en,,Health Professional,Health Professional
title,en,Healthcare,Pharmacist,Health Professional
title,en,Healthcare,Team Leader,Health Professional
title,en,,NHS,Health Professional
title,en,,Healthcare,Health Professional
title,en,,Healthcare Professional,Health Professional
title,en,,Medicines Management Technician,Health Professional
title,en,,Theatre Support Worker,Health Professional
title,en,Healthcare,Technical Instructor,Health Professional
title,en,Healthcare,Health Trainer,Health Professional
title,en,Healthcare,Practice Administrator,Health Professional
title,en,Healthcare,Pharmacy Intern,Health Professional
title,en,Healthcare,doc,Health Professional
title,en,,Physiotherapist,Physiotherapist
title,en,,Musculoskeletal Physiotherapist,Physiotherapist
title,en,Healthcare,Healthcare Administrator,Healthcare Administrator
title,en,Healthcare,Receptionist,Healthcare Administrator
title,en,Healthcare,Admin,Healthcare Administrator
title,en,,Medical Secretary/PA,Healthcare Administrator
title,en,,MDT Co-ordinator,Healthcare Administrator
title,en,Healthcare,Admin Manager,Healthcare Administrator
title,en,,Doctors Receptionist,Healthcare Administrator
title,en,,Medical Records Clerk,Healthcare Administrator
title,en,,Deputy Practice Manager,Healthcare Administrator
title,en,Healthcare,Team Secretary,Healthcare Administrator
title,en,Healthcare,Personal Secretary,Healthcare Administrator
title,en,Healthcare,Clerical Assistant,Healthcare Administrator
title,en,Healthcare,Reception Manager,Healthcare Administrator
title,en,Healthcare,Project Support Officer,Healthcare Administrator
title,en,Healthcare,Clerical,Healthcare Administrator
title,en,,General Practitioner (GP),General Practitioner (GP)
title,en,,Locum GP,General Practitioner (GP)
title,en,,GP Locum,General Practitioner (GP)
title,en,,Hospital and health care professional,Hospital and health care professional
title,en,,Independent Hospital & Health Care Professional,Hospital and health care professional
title,en,,Med Sec,Hospital and health care professional
title,en,,Health Care Professional,Health Care Professional
title,en,Healthcare,Care Worker,Care Worker
title,en,Healthcare,Project Worker,Care Worker
title,en,Healthcare,Mental Health Support Worker,Care Worker
title,en,Healthcare,Residential Support Worker,Care Worker
title,en,,Mental Health Nurse,Mental Health Nurse
title,en,,Psychiatric Nurse,Mental Health Nurse
title,en,,RMN,Mental Health Nurse
title,en,,Mental Health Practitioner,Mental Health Nurse
title,en,,Registered Mental Health Nurse,Mental Health Nurse
title,en,,CPN,Mental Health Nurse
title,en,,Community Psychiatric Nurse,Mental Health Nurse
title,en,Healthcare,Mental Health Worker,Mental Health Nurse
title,en,Healthcare,Therapist,Mental Health Nurse
title,en,Healthcare,Recovery Worker,Mental Health Nurse
title,en,,SSN,Mental Health Nurse
title,en,Healthcare,Community Mental Health Nurse,Mental Health Nurse
title,en,,Surgeon,Surgeon
title,en,,Obstetrician and Gynaecologist,Surgeon
title,en,,Orthopaedic Registrar,Surgeon
title,en,,Consultant ENT Surgeon,Surgeon
title,en,,Consultant Vascular Surgeon,Surgeon
title,en,,Core Surgical Trainee,Surgeon
title,en,,Surgical Registrar,Surgeon
title,en,,Consultant Spinal Surgeon,Surgeon
title,en,,Orthotist,Surgeon
title,en,,Urologist,Surgeon
title,en,,Biomedical Scientist,Biomedical Scientist
title,en,,Principal Clinical Scientist,Biomedical Scientist
title,en,,Healthcare Scientist,Biomedical Scientist
title,en,,Genetic Technologist,Biomedical Scientist
title,en,,Medical Lab Assistant,Biomedical Scientist
title,en,Healthcare,Microbiologist,Biomedical Scientist
title,en,,Occupational Therapist,Occupational Therapist
title,en,Healthcare,Case Manager,Occupational Therapist
title,en,,Speech Therapist,Speech Therapist
title,en,,Speech and Language Therapist,Speech Therapist
title,en,,Highly Specialist Speech and Language Therapist,Speech Therapist
title,en,,Consultant Psychiatrist,Consultant Psychiatrist
title,en,Healthcare,Clinical Psychologist,Consultant Psychiatrist
title,en,,Psychiatrist,Consultant Psychiatrist
title,en,,Cognitive Behavioural Psychotherapist,Consultant Psychiatrist
title,en,,Psychological Therapist,Consultant Psychiatrist
title,en,,Consultant Child and Adolescent Psychiatrist,Consultant Psychiatrist
title,en,Healthcare,Counsellor,Consultant Psychiatrist
title,en,,Consultant Forensic Psychiatrist,Consultant Psychiatrist
title,en,Healthcare,Consultant Clinical Psychologist,Consultant Psychiatrist
title,en,Healthcare,Assistant Psychologist,Consultant Psychiatrist
title,en,Healthcare,Psychotherapist,Consultant Psychiatrist
title,en,Healthcare,Psychologist,Consultant Psychiatrist
title,en,Healthcare,Counselling Psychologist,Consultant Psychiatrist
title,en,Healthcare,CBT Therapist,Consultant Psychiatrist
title,en,Healthcare,Cognitive Behavioural Therapist,Consultant Psychiatrist
title,en,Healthcare,Psychological Wellbeing Practitioner,Consultant Psychiatrist
title,en,Healthcare,Art Psychotherapist,Consultant Psychiatrist
title,en,Healthcare,Clinician,Consultant Psychiatrist
title,en,,Paramedic,Paramedic
title,en,,Emergency Care Practitioner,Paramedic
title,en,,Emergency Medical Dispatcher,Paramedic
