title,en,,Biotechnology Professional,Biotechnology Professional
title,en,,Independent Biotechnology Professional,Independent Biotechnology Professional
title,en,Biosciences,Scientist,Scientist
title,en,Biosciences,Research Associate,Research Associate
title,en,,Scientist II,Scientist II
title,en,Biosciences,Postdoctoral Researcher,Postdoctoral Researcher
title,en,Biosciences,Postdoctoral Research Associate,Postdoctoral Researcher
title,en,Biosciences,Post-doc,Postdoctoral Researcher
title,en,Biosciences,Research Scientist,Research Scientist
title,en,,Nanotechnology Professional,Nanotechnology Professional
title,en,Biosciences,Research Assistant,Research Assistant
title,en,Biosciences,Researcher,Researcher
title,en,Biosciences,Research Fellow,Research Fellow
title,en,Biosciences,Postdoctoral Fellow,Postdoctoral Fellow
title,en,Biosciences,Postdoctoral Research Fellow,Postdoctoral Fellow
title,en,,Independent Nanotechnology Professional,Independent Nanotechnology Professional
title,en,Biosciences,Laboratory Technician,Laboratory Technician
title,en,Biosciences,Principal Scientist,Principal Scientist
title,en,Biosciences,Microbiologist,Microbiologist
title,en,Biosciences,Application Specialist,Application Specialist
title,en,Biosciences,Biomedical Scientist,Biomedical Scientist
title,en,Biosciences,Scientific Officer,Scientific Officer
title,en,Biosciences,Research Technician,Research Technician
